age,annual_income,employment_years,loan_amount,total_debt,credit_history_years,previous_defaults,employment_type,loan_purpose,payment_history,creditworthy
59,149149.0,29.0,8716.0,4696,11,0,Salaried,Home,Poor,1
49,143501.0,3.0,23259.0,21058,11,1,Salaried,Vehicle,Good,1
35,38611.0,1.0,30933.0,21313,5,0,Contract,Personal,Excellent,0
63,32060.0,19.0,43689.0,20149,18,0,Self-employed,Business,Good,0
28,61303.0,10.0,6378.0,54521,6,2,Business,Personal,Excellent,0
41,57711.0,23.0,42583.0,46740,23,0,Contract,Home,Poor,0
59,91340.0,17.0,48546.0,5956,2,0,Salaried,Business,Excellent,1
39,120974.0,7.0,21835.0,76731,15,0,Business,Education,Good,1
43,85728.0,2.0,31033.0,83612,17,0,Salaried,Education,Good,1
31,29246.0,8.0,26000.0,67641,13,0,Business,Personal,Good,0
31,145796.0,13.0,47496.0,64811,13,0,,Home,Average,0
44,110263.0,19.0,12332.0,53160,6,0,Contract,Personal,Good,1
56,29302.0,28.0,44604.0,52313,3,0,Salaried,Home,,0
60,85506.0,5.0,4800.0,64232,24,0,Salaried,Personal,Good,1
44,59157.0,9.0,31538.0,16417,7,0,Business,Education,Good,0
23,72917.0,5.0,32119.0,25729,5,0,Salaried,Vehicle,Excellent,0
42,114646.0,9.0,10333.0,31099,12,1,Self-employed,Vehicle,Good,1
22,101122.0,4.0,7410.0,30961,4,0,Salaried,Home,Good,1
44,42519.0,16.0,,13602,16,0,Business,Education,Average,1
64,98910.0,8.0,58044.0,10256,4,0,,Education,Poor,0
50,138430.0,16.0,32519.0,87120,5,0,Salaried,Home,Poor,0
58,89324.0,23.0,7808.0,35681,18,0,Salaried,Vehicle,Poor,1
22,,4.0,8796.0,88440,4,0,Salaried,Vehicle,Excellent,0
41,77379.0,8.0,23180.0,65789,23,1,Salaried,Home,Excellent,1
53,43053.0,0.0,56245.0,44361,25,1,Salaried,Education,Good,0
32,149994.0,1.0,45056.0,65503,13,0,Salaried,Home,Average,1
42,116723.0,24.0,19709.0,35540,21,1,Salaried,Personal,Poor,1
64,69356.0,15.0,56128.0,27536,3,0,Self-employed,Home,Average,0
45,28789.0,27.0,19543.0,85700,6,0,Business,Business,Excellent,0
47,115720.0,0.0,39418.0,64043,7,0,Salaried,Vehicle,Poor,0
62,84656.0,9.0,31075.0,79532,24,0,Self-employed,Personal,Good,1
48,62028.0,17.0,39755.0,57575,12,1,Self-employed,Personal,Excellent,0
36,82484.0,18.0,49968.0,3871,5,0,Salaried,Business,Good,1
35,50154.0,17.0,39465.0,47002,5,0,Business,Personal,Excellent,0
64,20336.0,7.0,32502.0,50812,23,2,Salaried,Home,Good,0
23,121677.0,5.0,18724.0,23626,5,0,Self-employed,Education,Good,1
57,85779.0,27.0,5828.0,60979,2,0,Salaried,Vehicle,Good,0
27,37029.0,9.0,53120.0,77057,2,0,Self-employed,Personal,Good,0
41,77201.0,22.0,19087.0,67668,12,1,Self-employed,Personal,Average,0
29,50265.0,1.0,14605.0,81070,11,1,Salaried,Vehicle,Average,0
59,120916.0,7.0,33337.0,43998,1,0,Salaried,Business,Good,1
38,64197.0,20.0,7482.0,64814,15,0,Contract,Business,Average,0
24,143733.0,6.0,29005.0,46607,6,0,Salaried,Home,Poor,0
45,89907.0,7.0,24760.0,8812,5,1,Self-employed,Personal,Excellent,1
34,146876.0,16.0,52952.0,62844,7,0,Contract,Vehicle,Good,1
29,82435.0,11.0,7463.0,71093,11,0,Business,Vehicle,,1
46,58631.0,16.0,48628.0,3179,7,2,Self-employed,Personal,Excellent,0
22,147038.0,4.0,6912.0,44798,4,0,Business,Home,Average,1
40,,22.0,6648.0,75601,5,0,Business,Vehicle,Average,0
48,82772.0,23.0,35623.0,9275,13,0,Salaried,Vehicle,Excellent,1
27,144108.0,9.0,37634.0,51574,2,2,Salaried,Home,Average,0
64,32382.0,18.0,46602.0,48857,9,0,Salaried,Personal,Average,0
28,102291.0,4.0,51062.0,21700,2,0,Contract,Home,Poor,0
55,119195.0,11.0,51334.0,40464,11,0,Self-employed,Education,Good,1
34,38609.0,0.0,5112.0,43351,16,0,Salaried,Home,Poor,0
37,93683.0,19.0,24054.0,83534,4,0,Business,Personal,Good,1
56,142714.0,4.0,6492.0,14869,19,0,Salaried,Personal,Good,1
60,148330.0,7.0,24207.0,61315,24,3,Salaried,Personal,Excellent,1
24,89315.0,6.0,17114.0,21954,6,0,,Personal,Excellent,1
22,95834.0,4.0,36285.0,32555,4,0,Salaried,Vehicle,Average,0
26,144205.0,8.0,18018.0,64353,8,0,Business,Home,Good,1
62,32153.0,22.0,23386.0,83190,19,0,Salaried,Home,Good,0
24,94325.0,6.0,19740.0,46026,6,1,Business,Vehicle,Excellent,0
49,73318.0,0.0,54781.0,47976,21,0,Self-employed,Home,Average,1
38,149886.0,12.0,54780.0,81578,3,0,Salaried,Business,Excellent,1
46,133033.0,18.0,46199.0,46095,12,0,Contract,Vehicle,Average,1
64,94077.0,23.0,10210.0,15270,12,0,Self-employed,Personal,Excellent,1
54,108474.0,2.0,46363.0,31908,9,0,Salaried,Business,Excellent,1
30,91319.0,12.0,47639.0,16523,12,0,Salaried,Home,Good,1
56,143885.0,16.0,14743.0,63433,16,1,Business,Education,Good,1
34,127777.0,4.0,57284.0,48068,16,2,Salaried,Personal,Good,1
51,35368.0,19.0,44092.0,20991,19,0,Salaried,Education,Good,1
35,109751.0,17.0,46299.0,11775,12,2,Salaried,Business,Poor,0
28,45306.0,7.0,8588.0,78801,10,0,Salaried,Home,Good,0
34,55219.0,16.0,5311.0,85995,16,0,Business,Personal,Excellent,1
43,78279.0,25.0,24432.0,62250,3,0,Salaried,Personal,Good,1
60,71028.0,13.0,57398.0,17673,0,0,Salaried,Personal,Average,0
41,122263.0,3.0,35755.0,28056,0,0,Salaried,Education,Good,0
36,18126.0,10.0,5321.0,7614,14,0,Salaried,Education,Excellent,1
65,70329.0,19.0,17812.0,8415,12,0,,Vehicle,Average,1
38,45632.0,14.0,39383.0,89691,16,0,Salaried,Home,Good,0
44,127945.0,18.0,50280.0,44884,23,0,Contract,Vehicle,Good,1
46,73176.0,6.0,15146.0,17964,25,1,Salaried,Personal,Excellent,1
45,52560.0,18.0,59517.0,38726,7,0,Salaried,Vehicle,Excellent,1
65,94589.0,27.0,15654.0,38044,17,0,Business,Vehicle,Good,1
61,40116.0,18.0,54893.0,58149,12,0,Salaried,Home,Excellent,0
49,142085.0,10.0,37820.0,38544,22,0,Business,Personal,Good,1
35,,17.0,57726.0,50976,13,1,Contract,Vehicle,Good,1
65,37256.0,4.0,2726.0,33252,7,0,Salaried,Personal,Good,0
21,118158.0,3.0,5760.0,4832,3,0,Salaried,Business,Poor,1
45,137719.0,27.0,24190.0,81437,25,1,Business,Personal,Average,1
27,86244.0,9.0,3875.0,35148,9,0,Salaried,Home,Average,1
29,74264.0,7.0,25377.0,62240,11,0,Salaried,Personal,Excellent,0
44,75545.0,9.0,48737.0,89454,6,0,Salaried,Business,Excellent,0
21,57224.0,3.0,6033.0,86076,3,2,Salaried,Education,Good,0
64,115945.0,14.0,40211.0,78116,16,0,Business,Vehicle,Excellent,1
28,31224.0,10.0,19373.0,54459,10,0,Salaried,Business,Poor,0
44,58738.0,26.0,5744.0,39402,15,0,Salaried,Education,Excellent,1
31,81731.0,13.0,26995.0,58727,13,0,Self-employed,Home,Good,1
37,26070.0,19.0,18977.0,39578,1,0,Salaried,Vehicle,Good,0
28,144161.0,7.0,34402.0,23318,10,0,Salaried,Education,Good,1
55,26666.0,7.0,36542.0,76715,17,0,Business,Vehicle,Excellent,0
55,75761.0,24.0,12651.0,78787,16,2,Salaried,Personal,Good,1
53,54368.0,8.0,35703.0,86029,6,1,Business,Personal,Good,0
25,59914.0,1.0,15395.0,21466,7,0,Business,Vehicle,Average,0
62,145738.0,14.0,31808.0,46475,17,1,Salaried,Personal,Excellent,1
59,85526.0,17.0,38576.0,61142,13,0,Self-employed,Personal,Poor,0
61,37956.0,2.0,18715.0,86160,17,0,Salaried,Education,Average,0
48,64240.0,16.0,46409.0,27564,12,0,Salaried,Education,Good,1
27,139008.0,3.0,26306.0,23412,9,1,Business,Personal,Average,1
29,112270.0,11.0,21086.0,52001,11,1,Business,Vehicle,Excellent,1
28,22757.0,3.0,16376.0,58649,10,0,Salaried,Education,Poor,0
32,37097.0,13.0,7889.0,61957,14,2,Self-employed,Personal,Good,0
54,121892.0,8.0,39822.0,36517,22,0,Contract,Personal,Good,1
53,88480.0,8.0,38636.0,14156,16,1,Contract,Education,Good,1
43,64163.0,24.0,22584.0,24064,7,2,Self-employed,Education,Excellent,0
44,37816.0,25.0,51353.0,26711,18,0,Salaried,Business,Poor,0
57,70853.0,22.0,53649.0,31106,19,1,Salaried,Vehicle,Excellent,1
55,114731.0,29.0,36610.0,66458,14,0,Contract,Personal,Average,1
64,80823.0,30.0,12058.0,17589,8,0,Salaried,Personal,Good,1
60,19759.0,,11101.0,87511,19,0,Self-employed,Home,Poor,0
42,110374.0,9.0,14497.0,8214,9,0,Salaried,Personal,Excellent,1
47,42442.0,20.0,6658.0,86731,11,2,Salaried,Personal,Good,0
55,111501.0,,13381.0,28127,20,0,Salaried,Personal,Good,1
21,20079.0,3.0,42312.0,6141,3,0,Contract,Education,Average,0
55,77676.0,26.0,42486.0,29884,19,1,Salaried,Home,Excellent,1
57,108397.0,7.0,48619.0,3708,0,2,Self-employed,Home,Excellent,0
34,90847.0,1.0,19154.0,19375,16,0,Salaried,Business,Excellent,1
23,111607.0,5.0,21539.0,16088,5,3,Salaried,Personal,Average,0
21,82077.0,3.0,13777.0,58615,3,0,Salaried,Personal,Excellent,0
25,56258.0,7.0,36396.0,46046,7,1,Self-employed,Home,Good,0
46,137771.0,28.0,32373.0,11014,14,0,Salaried,Home,Excellent,1
34,56000.0,15.0,35154.0,65425,0,0,Salaried,Vehicle,Average,0
59,44737.0,27.0,,4273,11,0,Salaried,Personal,Poor,1
47,29485.0,1.0,29997.0,48135,2,0,Salaried,Personal,Good,0
29,,10.0,8439.0,31881,10,0,Contract,Education,Good,1
35,137614.0,9.0,24785.0,79077,1,0,Contract,Vehicle,Excellent,0
35,83155.0,14.0,15392.0,9712,15,0,Salaried,Home,Excellent,1
46,,16.0,55160.0,75704,8,2,Self-employed,Home,Good,0
62,147948.0,7.0,30669.0,53874,14,0,Contract,Personal,Average,1
33,30342.0,15.0,30939.0,70087,11,0,Salaried,Education,Good,0
52,58806.0,22.0,53618.0,13297,0,0,Business,Education,Poor,0
59,66770.0,8.0,4282.0,28128,12,0,Contract,Personal,Good,1
52,96623.0,24.0,36624.0,69368,13,1,Salaried,Personal,Average,0
24,121177.0,6.0,50438.0,88599,6,1,Salaried,Vehicle,Good,0
50,149026.0,26.0,26364.0,89499,24,0,Contract,Personal,Good,1
57,93629.0,13.0,3998.0,79958,7,0,Self-employed,Home,Good,1
43,138993.0,25.0,33705.0,33920,7,1,Salaried,Education,Good,1
59,144944.0,25.0,40244.0,12156,11,0,Salaried,Business,Good,1
65,123947.0,24.0,11428.0,12108,0,1,Salaried,Personal,Average,1
35,44399.0,,39437.0,32845,10,0,Self-employed,Vehicle,Poor,0
63,146177.0,21.0,14336.0,3800,7,1,Business,Home,Good,1
49,127575.0,19.0,11342.0,43712,9,0,Contract,Personal,Excellent,1
56,128904.0,29.0,55470.0,3610,18,0,Salaried,Home,Good,1
33,48678.0,15.0,41832.0,78603,10,2,Self-employed,Personal,Good,0
52,94218.0,20.0,9446.0,34872,6,0,Self-employed,Business,Excellent,1
27,81230.0,9.0,52583.0,11728,9,0,Salaried,Business,Average,1
42,92055.0,18.0,40392.0,21583,16,0,Salaried,Personal,Poor,1
48,90258.0,13.0,9461.0,86774,0,0,Contract,Personal,Poor,0
22,57986.0,4.0,36587.0,8263,4,0,Business,Business,Excellent,1
62,103595.0,23.0,12516.0,68450,20,0,Salaried,Personal,Average,1
65,119358.0,20.0,15749.0,20456,20,0,Self-employed,Home,Average,1
26,82929.0,2.0,,66942,7,0,Salaried,Personal,Good,0
48,91506.0,25.0,57715.0,14689,22,1,Self-employed,Education,Good,1
48,52911.0,29.0,37426.0,33934,23,0,Self-employed,Personal,Average,1
64,105127.0,22.0,38268.0,34276,5,0,Self-employed,Personal,Good,1
64,131453.0,6.0,26950.0,20873,21,0,Contract,Personal,Good,1
40,102458.0,16.0,36888.0,14050,17,0,Self-employed,Education,Good,1
50,30175.0,11.0,38788.0,67216,5,0,Salaried,Home,Good,0
31,137235.0,8.0,12213.0,85444,4,0,Business,Personal,Excellent,1
48,72771.0,14.0,38027.0,85040,12,0,Salaried,Vehicle,Poor,0
45,145157.0,17.0,30011.0,22644,18,0,Salaried,Personal,Average,1
59,139300.0,20.0,44849.0,63021,21,0,Salaried,Education,Good,1
53,104925.0,12.0,36591.0,38125,7,0,Salaried,Business,Excellent,1
21,84358.0,3.0,19858.0,67899,3,0,Business,Business,Good,1
47,,20.0,20626.0,43291,16,0,Salaried,Home,Excellent,1
33,24150.0,15.0,15467.0,36060,2,0,Business,Home,Excellent,0
61,22425.0,7.0,54395.0,2538,18,0,Self-employed,Vehicle,Good,0
23,34032.0,5.0,41758.0,37176,5,1,Salaried,Vehicle,Good,0
59,20198.0,7.0,56312.0,42520,23,0,Business,Business,Good,0
26,136865.0,8.0,,26675,8,0,Salaried,Business,Excellent,1
28,41236.0,6.0,53222.0,19287,10,0,Salaried,Personal,Good,0
47,105955.0,22.0,18743.0,1174,18,0,Self-employed,Personal,Excellent,1
29,121145.0,11.0,17434.0,35998,1,0,Salaried,Home,Poor,0
57,112914.0,10.0,49775.0,54312,7,0,Salaried,Education,Good,1
53,120870.0,21.0,12233.0,13112,18,1,Self-employed,Personal,Average,1
62,134243.0,21.0,51146.0,76225,6,0,Self-employed,Personal,Good,1
64,32596.0,10.0,3141.0,45814,16,2,Salaried,Personal,Excellent,0
44,129496.0,,20019.0,86091,5,0,Contract,Vehicle,Poor,0
35,148273.0,17.0,22384.0,51719,17,0,Self-employed,Education,Good,1
52,138674.0,27.0,44903.0,34919,23,0,Business,Personal,Good,1
52,138307.0,28.0,47734.0,74155,5,0,Salaried,Home,Good,1
44,37063.0,12.0,38129.0,72569,1,0,Self-employed,Personal,Excellent,0
61,85642.0,17.0,24967.0,42328,5,0,Business,Vehicle,,0
32,108093.0,1.0,42603.0,71482,14,0,Self-employed,Vehicle,Good,0
59,53954.0,28.0,13172.0,25618,4,2,Business,Business,Good,0
22,,4.0,18390.0,35675,4,1,Salaried,Education,Excellent,0
23,20573.0,5.0,5267.0,19919,5,0,Salaried,Personal,Excellent,1
57,53367.0,19.0,41332.0,5173,3,0,Salaried,Education,Average,0
37,,19.0,28167.0,27400,19,0,Salaried,Personal,Average,1
22,78774.0,4.0,23312.0,51445,4,0,Business,Vehicle,Excellent,1
22,41752.0,4.0,29840.0,71305,4,0,Salaried,Vehicle,Excellent,0
48,73029.0,14.0,20990.0,38564,10,0,Contract,Business,Average,0
43,148282.0,18.0,46179.0,46814,3,0,Contract,Home,Good,1
57,69693.0,22.0,7906.0,80747,25,0,Salaried,Vehicle,,1
52,134739.0,23.0,50796.0,89791,12,3,Salaried,Home,Good,0
53,73961.0,11.0,54425.0,28962,19,0,Business,Business,Excellent,1
21,,3.0,42379.0,85892,3,2,Contract,Education,Average,0
39,92532.0,21.0,19297.0,86842,16,0,Salaried,Education,Poor,0
22,99994.0,4.0,4011.0,71533,4,0,Salaried,Personal,Excellent,1
64,74133.0,4.0,52594.0,57184,3,0,Self-employed,Business,Good,0
46,79268.0,28.0,56698.0,83912,22,0,Self-employed,Home,Good,1
52,49653.0,0.0,46014.0,11578,13,0,Salaried,Education,Good,0
26,139829.0,8.0,48558.0,19624,8,0,Business,Vehicle,Good,1
52,146377.0,2.0,13738.0,40194,25,0,Salaried,Personal,Average,1
24,19622.0,6.0,30797.0,1389,2,0,Salaried,Home,Good,0
31,66756.0,13.0,49498.0,68391,13,0,Salaried,Personal,Good,0
37,58809.0,18.0,13120.0,14794,7,0,Salaried,Personal,Good,1
58,34725.0,22.0,52981.0,59002,23,0,Salaried,Business,Excellent,0
44,69226.0,26.0,10767.0,36531,0,0,,Vehicle,Excellent,1
25,99182.0,7.0,24852.0,53815,7,0,Salaried,Personal,Average,0
54,47402.0,6.0,15703.0,5986,17,0,Salaried,Business,Excellent,1
26,22263.0,8.0,2929.0,33298,8,2,Salaried,Personal,Average,0
42,65924.0,14.0,13951.0,2481,7,0,Contract,Home,Good,1
31,92182.0,13.0,,57408,0,1,Salaried,Education,Good,0
36,53737.0,4.0,28039.0,70267,11,0,Salaried,Personal,Good,0
53,119332.0,14.0,50613.0,17835,7,0,Self-employed,Home,Good,1
29,107563.0,7.0,31504.0,28798,11,0,Contract,Business,Excellent,1
26,146575.0,8.0,19438.0,65887,8,0,Salaried,Vehicle,Good,1
36,119371.0,18.0,50515.0,20477,17,0,Self-employed,Education,Average,1
49,56709.0,15.0,7744.0,18266,3,1,Business,Personal,Average,0
23,39172.0,5.0,20284.0,87328,5,0,Self-employed,Vehicle,Good,0
40,29555.0,0.0,44417.0,86988,11,0,Salaried,Business,Good,0
56,71276.0,11.0,41748.0,44526,8,0,Self-employed,Business,,0
39,,4.0,9069.0,12889,14,2,Salaried,Personal,Excellent,1
46,107599.0,2.0,44359.0,25335,15,0,Self-employed,Vehicle,Excellent,1
23,29046.0,0.0,21799.0,12254,5,0,Business,Personal,Average,0
39,134021.0,3.0,35210.0,87610,11,0,Salaried,Personal,Excellent,1
40,22853.0,7.0,30226.0,12442,22,1,Business,Home,Excellent,0
52,138900.0,2.0,57370.0,47289,22,3,Salaried,Home,Good,0
27,77129.0,9.0,6652.0,54747,9,0,Business,Personal,Excellent,1
61,132130.0,1.0,26323.0,38327,12,1,Salaried,Education,Good,1
53,139789.0,10.0,58985.0,17199,24,1,Salaried,Home,Excellent,1
60,56890.0,24.0,44138.0,73827,1,0,Salaried,Vehicle,Excellent,0
59,84017.0,9.0,9597.0,1112,2,0,Contract,Home,Good,0
38,118424.0,20.0,49093.0,88051,20,0,Salaried,Personal,Good,1
60,33048.0,13.0,39226.0,20581,23,2,Salaried,Personal,Average,0
21,,3.0,8591.0,60722,3,0,Salaried,Business,Good,0
31,52008.0,13.0,51114.0,17523,9,1,Self-employed,Personal,Good,0
48,149132.0,26.0,27833.0,67960,8,0,Self-employed,Home,Average,1
45,101559.0,1.0,13826.0,20552,25,1,Salaried,Personal,Excellent,1
43,73337.0,8.0,28417.0,11808,19,0,Salaried,Vehicle,Good,1
51,128616.0,15.0,20693.0,73525,7,0,Salaried,Business,Good,1
50,31350.0,12.0,16138.0,24620,9,1,Salaried,Personal,Good,0
62,42354.0,8.0,57420.0,1887,18,1,Salaried,Education,Good,0
55,63186.0,19.0,52062.0,32802,2,1,Business,Business,Average,0
27,46145.0,3.0,55492.0,86024,9,0,Salaried,Home,Poor,0
36,104123.0,18.0,55161.0,82938,4,0,Salaried,Personal,Good,0
46,38581.0,9.0,57780.0,87741,2,0,Salaried,Personal,Good,0
22,106929.0,4.0,4169.0,27049,4,0,Contract,Home,Excellent,1
21,41051.0,3.0,20556.0,78789,3,0,Contract,Education,Good,0
32,69474.0,14.0,24052.0,85526,14,0,Business,Education,Good,1
25,109748.0,7.0,8313.0,8846,7,0,Salaried,Vehicle,Good,1
57,143995.0,16.0,10315.0,47220,2,3,Salaried,Business,Poor,0
52,87626.0,13.0,10036.0,47163,11,0,Salaried,Education,Good,1
29,24960.0,11.0,33778.0,4765,8,0,Salaried,Vehicle,Good,0
61,54408.0,24.0,29734.0,82486,20,0,Self-employed,Home,Good,0
55,112006.0,1.0,25173.0,46270,11,0,Business,Personal,Average,1
39,75134.0,20.0,32403.0,76277,21,0,Business,Home,Average,0
36,108327.0,18.0,2785.0,89278,14,2,Business,Business,Good,0
23,149410.0,5.0,8139.0,23931,1,1,Salaried,Vehicle,Good,1
40,29344.0,10.0,8344.0,56633,22,2,Self-employed,Personal,Average,0
44,85957.0,15.0,20800.0,81702,17,3,Salaried,Vehicle,Excellent,0
53,123423.0,18.0,27372.0,52913,19,0,Salaried,Personal,Average,1
44,76053.0,26.0,22538.0,26991,11,0,Business,Business,Good,1
31,95454.0,13.0,16973.0,55845,13,0,Salaried,Vehicle,Good,1
28,108600.0,5.0,7619.0,56312,3,0,Salaried,Business,Good,0
56,140732.0,23.0,36704.0,11561,22,0,Salaried,Personal,Average,1
58,55641.0,18.0,38575.0,17901,15,0,Self-employed,Home,Excellent,1
60,47711.0,4.0,41919.0,63875,22,0,Business,Personal,Average,0
40,88342.0,22.0,44261.0,26917,15,0,Salaried,Home,Good,1
55,124896.0,3.0,47123.0,63120,0,0,Business,Personal,Good,0
45,105833.0,14.0,29716.0,2988,21,0,Salaried,Personal,Excellent,1
55,74276.0,28.0,5236.0,15256,24,0,Salaried,Personal,Good,1
45,37541.0,3.0,17848.0,88728,1,0,Business,Home,Good,0
49,112457.0,19.0,4352.0,29230,2,0,Self-employed,Home,Good,1
38,62813.0,9.0,3932.0,60778,20,1,Contract,Personal,Average,0
38,42070.0,20.0,12913.0,46833,20,0,Salaried,Business,Good,1
22,98559.0,4.0,10556.0,23625,4,0,Self-employed,Personal,Poor,0
55,59786.0,2.0,23300.0,33088,19,1,Self-employed,Personal,Good,0
36,54062.0,18.0,7498.0,80650,16,0,Contract,Vehicle,Average,0
61,69571.0,4.0,12582.0,42167,19,0,Salaried,Personal,Excellent,1
56,43510.0,5.0,52098.0,72291,21,0,Business,Education,Good,0
53,37426.0,20.0,48633.0,66303,20,0,Self-employed,Personal,Good,0
24,55265.0,6.0,11569.0,77361,0,1,Salaried,Home,Good,0
53,84150.0,7.0,52591.0,89229,19,1,Salaried,Business,Average,0
34,105312.0,6.0,58882.0,5117,5,0,Salaried,Home,Excellent,1
41,107613.0,20.0,6857.0,61710,14,0,Self-employed,Education,Excellent,1
40,92910.0,9.0,2340.0,68054,22,0,Business,Home,Average,1
28,70375.0,5.0,45949.0,31949,10,0,Self-employed,Education,Excellent,1
27,139826.0,9.0,18766.0,23547,9,0,Self-employed,Vehicle,Average,1
23,53435.0,3.0,28132.0,82882,5,0,Self-employed,Home,Good,0
37,114443.0,19.0,10491.0,69136,14,0,Salaried,Home,Average,1
53,41510.0,24.0,2138.0,65619,13,0,Salaried,Personal,Excellent,0
32,112071.0,12.0,2358.0,62842,14,0,Salaried,Home,Excellent,1
42,24640.0,19.0,56083.0,27990,20,0,Salaried,Home,Good,0
42,62547.0,16.0,11714.0,17193,23,0,Salaried,Vehicle,Poor,1
50,72620.0,22.0,21840.0,31109,24,1,Self-employed,Vehicle,Good,1
58,133608.0,6.0,36395.0,20233,25,0,Salaried,Business,Good,1
58,,3.0,32654.0,82730,4,0,Salaried,Vehicle,Good,0
65,131824.0,28.0,27879.0,35510,5,2,Salaried,Vehicle,Poor,0
28,97273.0,10.0,17996.0,2306,10,0,Salaried,Home,Average,1
47,92859.0,2.0,57778.0,4849,10,0,Contract,Vehicle,Poor,0
47,128017.0,23.0,,13360,15,0,Business,Vehicle,Excellent,1
54,141618.0,4.0,28762.0,46800,11,0,Business,Vehicle,Excellent,1
41,143341.0,15.0,15283.0,37963,14,0,Salaried,Personal,Good,1
50,47430.0,25.0,41420.0,55330,22,0,Business,Education,Average,0
53,45788.0,22.0,,52707,3,0,Business,Vehicle,Good,0
48,87346.0,,21554.0,19689,17,1,Business,Vehicle,Excellent,1
53,114122.0,3.0,22219.0,30084,20,0,Salaried,Business,Average,1
25,57974.0,7.0,59169.0,41387,2,0,Self-employed,Home,Excellent,0
39,125309.0,21.0,36919.0,75816,21,1,Business,Education,Good,1
24,34371.0,6.0,11429.0,3642,6,0,Self-employed,Home,Good,1
55,63084.0,1.0,48840.0,43137,22,1,Self-employed,Vehicle,Good,0
37,79916.0,19.0,,80832,2,0,Salaried,Home,Average,0
64,91972.0,17.0,41673.0,56561,7,1,Self-employed,Home,Good,0
48,30984.0,18.0,21218.0,63260,17,0,Salaried,Business,Good,0
50,51039.0,30.0,14452.0,16438,9,1,Self-employed,Home,Good,1
49,103431.0,27.0,50980.0,49442,24,2,Salaried,Vehicle,Good,1
26,101691.0,8.0,20951.0,3994,8,0,Salaried,Education,Good,1
55,76606.0,18.0,3307.0,2813,16,0,Salaried,Vehicle,Good,1
61,120665.0,16.0,16852.0,85381,7,0,Self-employed,Personal,Excellent,1
57,123373.0,30.0,27232.0,56276,22,0,Salaried,Business,Excellent,1
44,42574.0,13.0,37428.0,42243,10,0,Self-employed,Business,Excellent,0
49,50733.0,18.0,45171.0,63912,4,0,Business,Home,Good,0
51,20050.0,21.0,28485.0,61272,25,0,Salaried,Home,Average,0
55,127996.0,23.0,54882.0,43051,12,0,Salaried,Education,Average,1
53,51933.0,12.0,12238.0,79854,20,0,Salaried,Personal,Average,0
41,42951.0,11.0,40975.0,83736,22,0,Business,Business,Good,0
52,50413.0,29.0,54314.0,66618,4,0,Self-employed,Personal,Good,0
43,130573.0,25.0,3140.0,2920,23,0,Salaried,Personal,Good,1
53,140744.0,5.0,26842.0,78219,12,0,Salaried,Home,Excellent,1
23,107431.0,5.0,28421.0,77872,5,0,Self-employed,Vehicle,Excellent,1
38,61001.0,20.0,3708.0,82132,4,0,Business,Business,Good,0
45,85364.0,3.0,5630.0,3093,8,0,Business,Education,Poor,0
62,142988.0,18.0,21595.0,13905,15,0,Self-employed,Personal,Excellent,1
51,63028.0,15.0,12485.0,25351,1,1,Salaried,Home,Excellent,0
23,149878.0,5.0,30308.0,31981,0,0,Salaried,Personal,Average,1
60,142343.0,3.0,46789.0,74903,7,0,Salaried,Personal,Good,1
44,146301.0,26.0,57690.0,71821,18,0,Salaried,Home,Average,1
52,144295.0,22.0,28086.0,83289,10,1,Salaried,Personal,Average,1
42,52636.0,16.0,18859.0,85021,11,2,Salaried,Education,Poor,0
43,42262.0,22.0,9684.0,79513,11,0,Salaried,Personal,Good,0
22,98435.0,0.0,27552.0,20874,4,0,Contract,Personal,,0
47,146583.0,17.0,3207.0,51931,25,1,Self-employed,Home,Good,1
62,59844.0,30.0,48099.0,8674,12,0,Business,Vehicle,Good,1
22,82754.0,4.0,3960.0,51516,4,0,Business,Vehicle,Good,1
46,95129.0,16.0,2557.0,61686,21,0,Salaried,Education,Excellent,1
37,58042.0,19.0,31689.0,70212,19,0,Business,Home,Good,1
60,79665.0,27.0,50651.0,3426,8,2,Salaried,Vehicle,Good,1
53,134953.0,26.0,15893.0,69498,6,3,Self-employed,Business,Average,0
29,136533.0,11.0,34272.0,30943,11,1,Salaried,Education,Average,1
63,91781.0,10.0,2882.0,67395,20,0,Contract,Education,Average,1
59,84262.0,24.0,39529.0,45816,23,1,Salaried,Home,Excellent,1
49,64600.0,27.0,40635.0,5138,14,0,Salaried,Personal,Average,0
62,94898.0,21.0,58115.0,76945,1,0,Contract,Home,Good,0
46,48448.0,12.0,31535.0,5017,22,1,Salaried,Education,Average,1
55,44172.0,0.0,14869.0,11451,19,0,Self-employed,Vehicle,Poor,0
45,25657.0,16.0,9166.0,63956,24,0,Business,Personal,Excellent,0
44,130855.0,5.0,14982.0,11278,11,0,Business,Personal,Average,1
33,25906.0,3.0,42697.0,44764,0,1,Contract,Personal,Excellent,0
27,79413.0,9.0,40115.0,2134,9,0,Contract,Personal,Good,1
56,72028.0,15.0,9269.0,63943,21,0,Salaried,Home,Good,1
65,25287.0,14.0,30064.0,55318,7,0,Business,Home,Excellent,0
40,51660.0,22.0,59277.0,61128,4,1,Self-employed,Business,Average,0
21,78504.0,3.0,15527.0,89056,3,1,Self-employed,Home,Excellent,0
28,120979.0,5.0,4454.0,22869,0,0,Salaried,Vehicle,Excellent,1
36,52701.0,14.0,22878.0,6039,0,0,Self-employed,Business,Good,0
34,101300.0,13.0,53098.0,22281,16,0,Contract,Education,Average,1
32,101560.0,,14991.0,11442,9,2,Contract,Education,Poor,0
43,61642.0,10.0,4808.0,74788,21,0,Salaried,Personal,Average,0
35,83160.0,6.0,41410.0,28586,9,2,Salaried,Business,Average,0
48,35602.0,8.0,38593.0,54053,20,0,Salaried,Business,Good,1
54,121320.0,25.0,38304.0,51489,14,1,Business,Vehicle,Excellent,1
22,106801.0,4.0,32386.0,84104,4,1,Business,Home,Excellent,1
52,43931.0,4.0,57220.0,87346,21,0,Salaried,Personal,Good,0
43,112377.0,24.0,50077.0,68087,5,2,Salaried,Personal,Average,0
42,47192.0,19.0,5802.0,13625,2,0,Salaried,Personal,Good,1
45,64542.0,27.0,30753.0,35397,12,0,Salaried,Home,Average,1
42,145015.0,9.0,23083.0,59671,15,0,Contract,Home,Good,1
42,60520.0,17.0,20354.0,67897,7,1,Self-employed,Vehicle,Excellent,0
62,82772.0,2.0,24190.0,27149,14,0,Salaried,Personal,Excellent,1
26,68106.0,8.0,8142.0,61030,8,0,Self-employed,Education,Average,0
35,99121.0,10.0,30398.0,70906,16,0,Salaried,Personal,Average,1
63,43559.0,16.0,53971.0,6283,21,0,Contract,Vehicle,Average,0
57,123595.0,29.0,43862.0,8610,25,0,Salaried,Vehicle,Excellent,1
53,51742.0,29.0,35132.0,44326,12,0,Salaried,Education,Poor,0
28,87669.0,10.0,55410.0,15924,10,1,Salaried,Home,Excellent,1
64,88831.0,12.0,21503.0,77162,5,0,Self-employed,Education,Excellent,0
64,130217.0,5.0,50456.0,1869,16,0,Self-employed,Business,Poor,1
25,59873.0,7.0,36631.0,2014,7,0,Business,Personal,Good,1
59,124532.0,26.0,18499.0,11103,13,0,Salaried,Personal,Average,1
24,144267.0,,41852.0,83522,6,1,Salaried,Personal,Excellent,1
26,59755.0,8.0,10016.0,34458,5,2,Salaried,Education,Good,0
65,103956.0,20.0,4384.0,83409,2,0,Self-employed,Vehicle,Poor,0
52,104988.0,18.0,17072.0,24248,13,1,Salaried,Personal,Good,1
50,63648.0,9.0,38703.0,44516,13,1,Self-employed,Home,Average,0
55,143991.0,2.0,47895.0,30061,14,1,Business,Home,Excellent,1
60,133005.0,13.0,16482.0,25170,7,0,Business,Personal,Good,1
36,20396.0,18.0,42510.0,9024,14,2,Salaried,Business,Good,0
33,102082.0,15.0,50933.0,83214,15,0,Salaried,Education,Excellent,1
62,146322.0,4.0,23826.0,86947,12,0,Salaried,Vehicle,Good,1
50,29303.0,28.0,4490.0,44803,16,0,Self-employed,Vehicle,Excellent,1
39,89719.0,4.0,58132.0,20296,20,0,Business,Education,Poor,0
37,117616.0,19.0,48092.0,87664,19,0,Salaried,Home,Good,1
39,142165.0,16.0,27518.0,19257,2,0,Salaried,Home,Excellent,1
48,104231.0,20.0,26045.0,13855,5,0,Business,Vehicle,Good,1
46,25314.0,9.0,52876.0,86178,4,1,Business,Home,Good,0
57,37623.0,4.0,28910.0,21025,21,1,Salaried,Education,Average,0
46,123228.0,3.0,26566.0,5458,25,0,Self-employed,Personal,Poor,1
43,115624.0,5.0,53919.0,64610,16,1,Salaried,Vehicle,Good,0
29,129785.0,11.0,35905.0,71843,11,1,Salaried,Home,Average,0
32,104206.0,3.0,29103.0,84961,14,1,Contract,Personal,Good,0
21,87274.0,3.0,55269.0,50831,1,0,Business,Personal,Excellent,0
21,71947.0,3.0,38188.0,44427,3,0,Business,Personal,Average,0
54,66874.0,6.0,7845.0,39506,14,2,Salaried,Vehicle,Good,0
52,67708.0,17.0,23162.0,6668,4,0,Business,Home,Average,1
45,92553.0,2.0,38674.0,48195,25,0,Salaried,Vehicle,Average,1
60,86344.0,0.0,54789.0,74233,19,0,Salaried,Vehicle,Good,1
65,67138.0,23.0,21337.0,25417,5,0,Self-employed,Personal,Poor,0
21,65638.0,3.0,24313.0,82982,3,0,Salaried,Vehicle,Average,0
36,96249.0,3.0,28943.0,11751,17,0,Business,Personal,Good,1
59,123865.0,5.0,14413.0,47218,17,0,Self-employed,Home,Good,1
25,20719.0,7.0,2276.0,8352,3,1,Salaried,Personal,Good,0
42,60534.0,21.0,53151.0,80052,16,1,Salaried,Personal,Poor,0
49,110241.0,13.0,19611.0,89835,24,0,Salaried,Personal,Average,1
23,144209.0,5.0,41105.0,29927,5,2,Salaried,Education,Excellent,1
32,110124.0,11.0,13944.0,42094,13,0,Self-employed,Business,Good,1
46,109659.0,27.0,54887.0,55122,12,0,Business,Personal,Good,1
36,93713.0,18.0,17906.0,30493,6,1,Salaried,Home,Excellent,1
57,93418.0,30.0,51847.0,74539,11,1,Salaried,Personal,Excellent,1
42,146232.0,19.0,22536.0,32707,22,2,Self-employed,Vehicle,Good,1
49,49575.0,23.0,59053.0,69814,14,0,Business,Vehicle,Good,0
34,81852.0,16.0,58622.0,8296,16,1,Salaried,Personal,Good,1
48,94242.0,3.0,29810.0,26398,10,0,Salaried,Business,Good,1
25,47257.0,7.0,14306.0,36842,7,1,Self-employed,Education,Excellent,0
50,79246.0,29.0,58689.0,14261,11,1,Salaried,Personal,Average,0
25,19435.0,7.0,12503.0,77709,2,0,Salaried,Business,Good,0
32,109357.0,11.0,21225.0,57704,14,0,Business,Business,Excellent,1
36,101807.0,9.0,38976.0,68173,2,1,Self-employed,Vehicle,Good,0
46,133953.0,28.0,13590.0,32781,18,0,Self-employed,Vehicle,Good,1
46,141797.0,21.0,59885.0,14652,19,0,Business,Home,Excellent,1
41,81888.0,23.0,12886.0,6103,3,1,Self-employed,Vehicle,Excellent,1
59,91609.0,6.0,14866.0,26500,2,0,Salaried,Education,Excellent,0
56,27077.0,2.0,3088.0,36529,25,1,Salaried,Home,Average,0
53,38953.0,22.0,5363.0,19452,15,0,Salaried,Education,Average,1
50,132682.0,27.0,34792.0,50393,11,0,Salaried,Personal,Average,1
57,85889.0,13.0,,32174,7,1,Self-employed,Education,Average,0
43,133374.0,23.0,57296.0,65450,23,0,Business,Education,Average,1
30,42860.0,9.0,56820.0,36436,12,0,Contract,Home,Good,0
25,95475.0,7.0,22620.0,48406,6,1,Self-employed,Education,Good,0
56,105266.0,15.0,44727.0,64059,10,0,Salaried,Personal,Excellent,1
54,118732.0,21.0,14935.0,16954,17,0,Salaried,Personal,Good,1
51,45083.0,30.0,10068.0,83722,0,0,Business,Education,,0
30,75372.0,9.0,53387.0,13356,2,1,Self-employed,Vehicle,Good,0
39,141786.0,21.0,9295.0,3187,3,1,Self-employed,Business,Good,1
52,25813.0,12.0,43160.0,78243,12,1,Business,Vehicle,Good,0
21,49598.0,3.0,13390.0,36098,3,0,Business,Education,Good,0
25,111106.0,7.0,43216.0,22225,7,1,Business,Vehicle,Average,0
65,45082.0,8.0,22131.0,4606,13,0,Salaried,Home,Average,1
24,47241.0,6.0,31218.0,58620,4,0,Business,Home,Good,0
36,29745.0,3.0,12433.0,33828,15,0,Business,Education,Average,0
44,44029.0,23.0,17038.0,27489,14,1,Salaried,Vehicle,Good,0
36,141395.0,10.0,54327.0,15387,14,1,Self-employed,Education,Average,0
22,107186.0,4.0,30182.0,70463,3,0,Salaried,Home,Good,0
48,115768.0,17.0,13528.0,72832,7,0,Contract,Home,Good,1
52,59846.0,25.0,23281.0,3591,15,1,Salaried,Vehicle,Good,1
47,93932.0,10.0,56189.0,49516,15,0,Self-employed,Personal,Average,0
40,41411.0,22.0,50511.0,63061,3,2,Salaried,Education,Poor,0
44,96797.0,20.0,58579.0,67736,12,0,Business,Personal,Excellent,1
32,70307.0,3.0,10605.0,82257,14,0,Salaried,Personal,Excellent,1
55,40042.0,17.0,36782.0,62753,12,0,Salaried,Personal,Poor,0
53,70930.0,0.0,3381.0,85774,1,0,Salaried,Education,Good,0
53,115883.0,26.0,3098.0,12087,2,2,Contract,Vehicle,Good,0
63,51756.0,6.0,21810.0,31816,21,0,Salaried,Education,Good,1
57,71268.0,5.0,54807.0,24408,7,1,,Vehicle,Excellent,0
32,66901.0,14.0,26322.0,1136,14,0,Business,Home,Average,1
23,117986.0,5.0,43869.0,18413,5,0,Self-employed,Education,Average,1
21,146386.0,3.0,34955.0,60500,3,0,,Education,Good,0
53,23626.0,23.0,46716.0,85514,8,0,Salaried,Personal,Good,0
60,30857.0,10.0,12207.0,57358,6,2,Self-employed,Home,Average,0
30,44431.0,12.0,23793.0,67197,12,0,Salaried,Vehicle,Excellent,0
63,102976.0,23.0,4092.0,33854,1,0,Salaried,Home,Average,1
64,100711.0,14.0,30220.0,77240,7,0,Self-employed,Personal,Good,1
49,44385.0,15.0,20514.0,17322,6,0,Self-employed,Vehicle,Good,0
33,36639.0,6.0,40010.0,7968,15,0,Business,Personal,Poor,0
32,103530.0,14.0,10549.0,28518,11,1,Salaried,Vehicle,Average,0
51,39563.0,9.0,24031.0,52925,18,0,Salaried,Personal,Good,0
22,133672.0,4.0,7185.0,60848,4,0,Salaried,Education,Average,0
55,100970.0,11.0,17271.0,2700,9,0,Contract,Vehicle,Good,1
43,103553.0,23.0,7776.0,24199,24,3,Salaried,Education,Good,1
37,100879.0,13.0,14449.0,45589,15,0,Salaried,Personal,Poor,1
46,62859.0,24.0,26297.0,33115,2,0,Salaried,Vehicle,Average,0
28,70098.0,4.0,58699.0,62934,9,0,Self-employed,Education,Good,0
49,140413.0,25.0,42591.0,55316,5,0,Salaried,Education,Good,1
46,18526.0,20.0,17717.0,6520,17,0,Contract,Personal,Excellent,1
30,86760.0,12.0,42123.0,37455,12,0,Salaried,Vehicle,,1
46,65837.0,4.0,41233.0,87465,4,1,Business,Business,Good,0
54,29536.0,2.0,47505.0,42605,20,0,Salaried,Personal,Average,0
61,46541.0,22.0,52649.0,15955,6,1,Self-employed,Personal,Good,0
27,97083.0,9.0,48092.0,45049,1,0,,Business,Average,0
24,52531.0,4.0,12350.0,14917,6,0,Salaried,Home,Excellent,1
65,26712.0,23.0,32622.0,71293,12,0,Contract,Education,Good,0
31,122101.0,13.0,37323.0,79581,13,0,Salaried,Vehicle,Excellent,1
49,83455.0,18.0,56561.0,65925,4,1,Contract,Vehicle,Good,0
56,92744.0,18.0,4951.0,71269,5,0,Self-employed,Vehicle,Excellent,0
45,147749.0,24.0,19622.0,31954,23,0,Salaried,Personal,Poor,1
41,23109.0,20.0,6727.0,73617,23,0,Salaried,Home,Excellent,0
56,67268.0,11.0,55117.0,42458,13,3,Salaried,Personal,Poor,0
30,72615.0,12.0,40454.0,22113,11,0,Salaried,Education,Good,1
57,100503.0,28.0,38469.0,44939,3,2,Salaried,Education,Poor,0
29,103708.0,8.0,37548.0,30345,11,0,,Vehicle,Good,1
44,120471.0,0.0,25782.0,47313,5,0,Salaried,Home,Poor,0
55,101309.0,17.0,52740.0,70166,9,0,Business,Vehicle,Excellent,1
55,144446.0,20.0,30454.0,48861,17,0,Salaried,Personal,Average,1
56,124661.0,3.0,4368.0,50298,14,0,Salaried,Personal,Poor,0
38,24154.0,20.0,17592.0,48221,7,0,Self-employed,Home,Excellent,0
59,82288.0,9.0,24173.0,45942,25,2,Salaried,Education,Excellent,1
52,69195.0,24.0,35204.0,4453,8,1,Salaried,Home,Good,1
44,38581.0,6.0,37596.0,55935,4,1,Salaried,Business,Poor,0
43,48087.0,21.0,36324.0,44370,9,0,Contract,Vehicle,Good,0
52,87298.0,22.0,58722.0,9328,19,0,Business,Personal,Good,1
57,64167.0,0.0,48132.0,16534,5,0,Salaried,Education,Excellent,1
32,57499.0,14.0,25864.0,86280,14,1,Self-employed,Business,Excellent,0
33,143816.0,15.0,49829.0,85925,15,2,Self-employed,Education,Average,0
43,114347.0,25.0,32750.0,37320,2,0,Self-employed,Home,Excellent,1
45,66787.0,27.0,12576.0,50170,9,0,Self-employed,Personal,Good,1
55,53488.0,1.0,18566.0,81201,10,0,Self-employed,Business,Poor,0
61,92441.0,27.0,9190.0,9640,10,0,Salaried,Home,Excellent,1
50,40431.0,25.0,25071.0,31049,16,0,Salaried,Education,Average,1
37,79681.0,10.0,40333.0,6618,3,0,Salaried,Business,Excellent,1
40,140720.0,8.0,,57053,3,1,Business,Home,Good,0
45,67153.0,6.0,17369.0,2920,16,0,Self-employed,Home,Excellent,1
42,24368.0,21.0,26035.0,44937,8,0,Business,Personal,Average,0
33,130360.0,15.0,56727.0,70724,15,3,Contract,Vehicle,Good,0
39,130755.0,16.0,3589.0,13207,4,0,Salaried,Personal,Good,1
56,74985.0,1.0,27235.0,66774,21,0,Self-employed,Business,Good,1
32,68069.0,5.0,2159.0,33972,14,0,Self-employed,Personal,Excellent,1
61,70326.0,13.0,14145.0,11799,5,0,Contract,Home,Average,0
39,126737.0,5.0,17373.0,72088,2,0,Contract,Business,Good,1
32,68861.0,1.0,33921.0,29916,14,1,Self-employed,Personal,Average,0
29,93897.0,0.0,41323.0,71463,0,0,Salaried,Education,Excellent,0
27,145118.0,9.0,18237.0,77700,9,0,Business,Personal,Average,1
48,86577.0,20.0,43971.0,38158,21,0,Salaried,Education,Excellent,1
34,27078.0,4.0,10244.0,85607,15,0,Business,Home,Good,0
51,80768.0,1.0,16743.0,72696,22,1,Contract,Home,Excellent,1
39,69047.0,21.0,33566.0,62510,10,1,Salaried,Personal,Average,0
36,89626.0,15.0,48101.0,59692,12,0,Self-employed,Vehicle,Good,1
25,75660.0,7.0,48109.0,62744,7,1,Salaried,Personal,Average,0
55,135832.0,1.0,57998.0,16810,2,0,Salaried,Business,,0
32,148406.0,9.0,20691.0,6126,8,3,Salaried,Education,Excellent,0
45,143150.0,1.0,35996.0,31009,11,0,Business,Education,Good,1
41,51320.0,15.0,58378.0,1192,22,3,Contract,Home,Excellent,0
56,82881.0,15.0,7590.0,37413,13,1,Contract,Home,Good,0
43,108827.0,18.0,58071.0,13816,0,0,Salaried,Education,Average,0
36,120215.0,18.0,7585.0,40082,17,0,Business,Vehicle,Average,1
59,79550.0,6.0,11227.0,66048,16,3,Business,Business,Good,0
65,42826.0,21.0,30278.0,51940,8,1,Salaried,Business,Good,0
62,118734.0,11.0,40814.0,33130,8,0,Salaried,Education,Good,1
59,116511.0,23.0,14237.0,41142,22,1,Salaried,Business,Excellent,1
34,29653.0,14.0,17649.0,37468,9,0,,Education,Average,0
51,99941.0,7.0,39713.0,31698,18,0,Self-employed,Home,Good,1
25,51662.0,5.0,9927.0,11655,7,0,Business,Vehicle,Average,0
55,116818.0,27.0,47409.0,48897,4,0,Salaried,Personal,Excellent,1
43,113081.0,,50766.0,31075,14,1,Business,Home,Good,1
49,54877.0,9.0,48154.0,10359,19,0,Salaried,Personal,Good,1
63,129562.0,2.0,9016.0,43056,22,1,Salaried,Education,Excellent,1
31,90715.0,13.0,16027.0,52831,13,0,Self-employed,Vehicle,Good,1
38,128091.0,20.0,50688.0,60191,1,0,Salaried,Personal,Average,0
32,97148.0,14.0,26142.0,34272,12,0,Business,Business,Average,1
29,101186.0,6.0,48520.0,15671,11,0,Salaried,Home,Good,1
30,141629.0,12.0,56238.0,28048,12,0,Self-employed,Education,Good,1
64,88316.0,19.0,25545.0,77274,14,0,Salaried,Personal,Excellent,1
37,46380.0,19.0,53036.0,26963,19,0,Self-employed,Personal,Average,0
58,128198.0,30.0,33897.0,44954,9,0,Salaried,Education,Excellent,1
27,20356.0,3.0,52961.0,73309,9,0,Salaried,Vehicle,Poor,0
33,88326.0,13.0,5167.0,1717,9,0,Contract,Vehicle,Good,1
60,110447.0,19.0,46757.0,12676,24,1,Salaried,Business,Good,1
62,132994.0,21.0,28917.0,5434,13,2,Business,Vehicle,Poor,1
29,38049.0,11.0,24736.0,50810,11,0,Contract,Vehicle,Excellent,0
47,123361.0,23.0,29990.0,5994,22,0,Salaried,Personal,Good,1
22,34082.0,4.0,16087.0,5234,4,0,Salaried,Vehicle,Good,0
25,18661.0,7.0,24440.0,70300,7,2,Self-employed,Education,Excellent,0
49,20920.0,14.0,37205.0,44949,13,0,Contract,Personal,Good,0
57,97561.0,21.0,57620.0,38405,2,0,Contract,Education,Average,0
58,26946.0,19.0,17275.0,35872,19,0,Self-employed,Personal,Average,0
39,34309.0,21.0,57103.0,43215,15,0,Business,Education,Excellent,0
28,73230.0,10.0,7276.0,24185,1,0,Salaried,Business,Poor,1
65,129822.0,26.0,43627.0,44442,9,1,Contract,Education,Excellent,1
21,130340.0,3.0,,52759,2,0,Contract,Home,Excellent,1
42,77321.0,8.0,39496.0,42153,10,0,Salaried,Personal,Good,1
37,92131.0,7.0,21008.0,78535,10,0,Salaried,Home,Excellent,1
27,43963.0,9.0,7738.0,3581,9,0,Salaried,Home,Excellent,1
45,119757.0,27.0,34402.0,52717,20,2,Salaried,Home,Poor,1
65,117259.0,25.0,55384.0,3763,21,0,Business,Personal,Good,1
24,57063.0,6.0,7793.0,56480,6,1,Salaried,Personal,Excellent,0
56,132225.0,30.0,39291.0,39759,6,0,Salaried,Vehicle,Excellent,1
26,134400.0,1.0,7571.0,77067,8,0,Salaried,Vehicle,Average,0
51,98818.0,24.0,33331.0,26307,16,2,Contract,Personal,Average,0
39,22703.0,21.0,18209.0,12064,1,0,Self-employed,Education,Good,0
64,90099.0,29.0,50014.0,77848,11,1,Salaried,Education,Excellent,1
59,49585.0,2.0,27394.0,38548,24,0,Salaried,Vehicle,Excellent,1
47,61585.0,7.0,45148.0,37945,9,1,Contract,Home,,0
30,44958.0,11.0,27682.0,48937,12,0,Business,Home,Excellent,1
46,44017.0,,4224.0,7476,21,0,Salaried,Vehicle,Good,1
39,142677.0,9.0,,52756,10,1,Salaried,Personal,Excellent,1
59,47426.0,19.0,50695.0,3382,15,2,Salaried,Home,Good,0
23,35778.0,2.0,57243.0,50683,5,2,Salaried,Education,Good,0
65,60229.0,5.0,46452.0,88999,18,1,Self-employed,Business,Poor,0
33,104652.0,6.0,45408.0,46276,15,1,Contract,Vehicle,Poor,0
48,146267.0,19.0,34441.0,34402,2,0,Salaried,Vehicle,Good,1
40,144503.0,22.0,43430.0,27946,20,0,Business,Personal,Good,1
48,102878.0,24.0,41129.0,80698,25,0,Salaried,Personal,Good,1
28,,10.0,36716.0,74933,10,0,Business,Business,Good,0
61,37975.0,17.0,46859.0,23335,5,0,Business,Business,Average,0
59,106397.0,10.0,28586.0,46095,24,0,Salaried,Home,Good,1
21,51142.0,3.0,46760.0,80930,3,0,Salaried,Vehicle,Average,0
23,44916.0,4.0,25478.0,28197,5,0,Self-employed,Home,Poor,0
33,82324.0,15.0,8318.0,23010,14,0,Salaried,Home,Good,1
48,143932.0,10.0,30694.0,25123,14,0,Salaried,Personal,Good,1
45,114059.0,23.0,22180.0,88923,15,0,Self-employed,Personal,Excellent,1
53,116317.0,11.0,14180.0,3890,9,1,Contract,Business,Excellent,1
58,53046.0,9.0,35002.0,9026,11,1,Salaried,Home,Good,0
26,119459.0,7.0,17372.0,65925,8,0,Business,Personal,Excellent,1
64,63893.0,23.0,31796.0,69842,3,0,Salaried,Business,Average,0
65,119520.0,27.0,54759.0,34665,6,0,Business,Business,Excellent,1
52,143818.0,27.0,26427.0,10277,21,0,Self-employed,Home,Good,1
65,79272.0,8.0,35290.0,43239,1,0,Business,Education,Good,1
41,85649.0,3.0,57056.0,48664,23,0,Salaried,Personal,Average,1
36,82674.0,4.0,30099.0,49008,14,0,Self-employed,Home,Good,1
41,104475.0,20.0,47486.0,15683,7,0,Self-employed,Business,Average,0
31,79367.0,7.0,56040.0,1670,6,2,Salaried,Business,Good,0
57,139750.0,22.0,11821.0,18889,14,2,Salaried,Home,Good,1
56,136154.0,8.0,7832.0,56612,22,0,Salaried,Home,Excellent,1
55,62738.0,14.0,14820.0,45535,13,0,Salaried,Home,Good,0
39,51397.0,14.0,18211.0,79542,7,0,Business,Business,Average,0
40,100189.0,15.0,,55319,11,0,Salaried,Home,Good,1
38,94367.0,13.0,7842.0,22639,12,2,Salaried,Personal,Average,1
61,138585.0,7.0,3316.0,65712,10,0,Business,Personal,Good,1
34,94619.0,16.0,,17633,16,1,Salaried,Personal,Excellent,1
35,129453.0,9.0,19508.0,35660,16,0,Self-employed,Home,Excellent,1
51,37816.0,27.0,24005.0,69975,23,3,Salaried,Education,Good,0
21,97530.0,3.0,56575.0,33172,3,0,Contract,Business,Average,0
23,126856.0,5.0,17206.0,60197,5,1,Business,Business,Average,0
36,89635.0,,20971.0,59847,7,0,Business,Vehicle,Good,0
43,125803.0,1.0,27599.0,12577,4,0,Salaried,Home,,1
31,53946.0,6.0,24056.0,78299,13,0,Business,Education,Good,0
32,73204.0,14.0,3378.0,21176,14,0,Salaried,Personal,Good,1
30,33563.0,2.0,54526.0,45386,3,2,Salaried,Education,Excellent,0
52,110324.0,12.0,3519.0,64972,21,2,Salaried,Business,Excellent,1
36,27847.0,2.0,24161.0,42003,14,1,Self-employed,Personal,Excellent,0
28,44155.0,10.0,42703.0,20996,10,0,Salaried,Home,Excellent,0
58,97671.0,17.0,40861.0,87598,4,1,Self-employed,Business,Excellent,0
32,134891.0,10.0,59570.0,36931,14,0,Salaried,Business,Excellent,1
44,101310.0,7.0,7355.0,36710,15,0,,Home,Good,1
48,149691.0,5.0,56120.0,35693,13,0,Business,Personal,Good,1
28,52707.0,0.0,11083.0,36740,9,0,Salaried,Education,Poor,0
48,99537.0,27.0,40342.0,78241,6,0,Business,Personal,Excellent,1
56,109155.0,0.0,22456.0,77502,12,0,Salaried,Home,Good,0
46,18281.0,22.0,15324.0,18374,19,0,Business,Personal,Good,0
28,94260.0,7.0,4257.0,77674,4,1,Self-employed,Business,Excellent,0
48,82178.0,4.0,29364.0,82471,2,0,Salaried,Personal,Average,0
48,51997.0,27.0,26972.0,46913,14,0,Salaried,Home,Excellent,1
57,137273.0,15.0,48179.0,67025,3,0,Self-employed,Personal,Poor,0
61,144945.0,10.0,28654.0,45516,14,0,Business,Education,Average,1
56,63272.0,4.0,17233.0,88796,13,0,Salaried,Vehicle,Good,0
47,107393.0,3.0,17887.0,27069,19,0,Salaried,Personal,Good,1
37,79212.0,19.0,31320.0,57233,18,0,Business,Home,Average,1
29,138030.0,5.0,22808.0,85811,11,0,Self-employed,Home,Good,1
53,74503.0,13.0,,60049,9,0,Salaried,Vehicle,Good,1
40,24570.0,21.0,32154.0,40178,20,1,Salaried,Education,Excellent,0
33,86785.0,15.0,55045.0,33821,4,0,Salaried,Vehicle,Excellent,0
48,27110.0,8.0,36773.0,52727,22,0,Self-employed,Home,Good,0
49,97141.0,11.0,53168.0,61935,19,1,Salaried,Education,Good,0
33,30115.0,10.0,29747.0,17999,15,0,Contract,Personal,Average,0
55,57062.0,13.0,12860.0,63522,24,0,Salaried,Business,Excellent,1
26,40911.0,8.0,44838.0,39712,5,1,Salaried,Business,Average,0
38,122061.0,15.0,44156.0,65551,3,0,Self-employed,Home,Excellent,1
25,50556.0,0.0,20156.0,41172,1,0,Contract,Education,Good,0
45,146335.0,27.0,59505.0,34722,21,0,Business,Home,Good,1
22,19969.0,4.0,22360.0,11625,4,0,Salaried,Personal,Good,0
30,61753.0,12.0,20135.0,68165,12,0,Business,Personal,Excellent,1
50,139863.0,20.0,27351.0,77509,4,0,Self-employed,Business,Good,1
65,28225.0,20.0,58582.0,7859,21,0,Salaried,Business,Average,0
25,141008.0,7.0,32499.0,42609,3,0,Salaried,Personal,,1
53,123823.0,12.0,49377.0,44307,12,0,Salaried,Personal,Good,1
21,31669.0,1.0,25554.0,22839,3,0,Salaried,Business,Average,0
38,142398.0,3.0,57621.0,28216,20,0,Contract,Vehicle,Average,1
52,128677.0,27.0,51131.0,53953,1,0,Salaried,Home,Good,1
31,66320.0,5.0,,85481,12,0,Contract,Education,Good,0
41,143354.0,23.0,18923.0,61593,10,2,Self-employed,Personal,Average,0
46,106009.0,28.0,49591.0,73075,21,0,Self-employed,Education,Good,1
45,46625.0,26.0,52613.0,50522,3,0,Self-employed,Home,Excellent,0
42,42089.0,22.0,56336.0,5886,21,0,Salaried,Home,Good,1
47,54487.0,26.0,10547.0,8485,19,0,Salaried,Personal,Average,1
33,128448.0,4.0,46283.0,32455,15,2,Salaried,Education,Excellent,1
53,68138.0,24.0,35002.0,17767,14,0,Self-employed,Home,Poor,1
54,72061.0,2.0,16562.0,29453,3,2,Salaried,Education,Excellent,0
61,119376.0,0.0,52700.0,77280,8,0,Business,Vehicle,Average,0
55,97134.0,3.0,9480.0,54442,6,1,Salaried,Vehicle,Good,0
21,65055.0,3.0,28672.0,52877,3,0,Salaried,Personal,Good,0
41,37508.0,19.0,6213.0,13226,18,1,Salaried,Personal,Average,1
26,128169.0,1.0,12293.0,23588,5,0,Contract,Business,Good,1
48,26125.0,25.0,36441.0,79976,5,0,Business,Home,Good,0
37,54059.0,19.0,57860.0,32709,19,0,Salaried,Home,Excellent,0
25,121409.0,7.0,59134.0,48788,7,0,Self-employed,Education,Excellent,1
51,23704.0,4.0,4100.0,89031,14,2,Salaried,Home,Excellent,0
25,,2.0,46617.0,38019,7,0,Contract,Education,Average,0
58,136516.0,28.0,30172.0,45948,19,0,Self-employed,Business,Excellent,1
23,132044.0,5.0,22132.0,66133,5,1,Salaried,Personal,Excellent,1
43,47165.0,25.0,54325.0,67458,3,0,Self-employed,Personal,Good,0
57,85203.0,8.0,20199.0,28526,17,2,Salaried,Business,,1
57,22114.0,19.0,38609.0,74493,17,1,Contract,Home,Average,0
30,54321.0,5.0,44965.0,53198,4,0,Salaried,Home,Excellent,0
30,91297.0,12.0,10016.0,44395,12,1,Self-employed,Personal,Excellent,1
39,114652.0,5.0,41779.0,25031,21,0,Salaried,Personal,Poor,1
37,117304.0,18.0,39261.0,76542,10,0,Business,Home,Good,1
41,35772.0,23.0,33881.0,38701,4,0,Business,Personal,Average,0
34,121754.0,11.0,19058.0,26939,16,0,Self-employed,Personal,Average,1
29,21712.0,11.0,26472.0,50145,11,1,Self-employed,Vehicle,Average,0
21,133142.0,3.0,43346.0,21324,3,2,Business,Personal,Excellent,0
65,109736.0,1.0,36926.0,23867,11,0,Salaried,Education,Average,1
33,69924.0,14.0,53813.0,1203,1,0,Salaried,Home,Average,0
24,21726.0,6.0,36832.0,17544,6,2,Salaried,Personal,Good,0
21,107152.0,3.0,38021.0,16899,3,0,Contract,Home,Good,0
60,45723.0,8.0,56131.0,30063,8,0,Salaried,Business,Good,0
52,144969.0,20.0,26087.0,4748,9,0,Business,Personal,Excellent,1
54,118494.0,23.0,14828.0,67629,6,2,Self-employed,Education,Good,0
48,53643.0,1.0,33128.0,81764,3,0,Salaried,Vehicle,Good,0
51,121896.0,21.0,3401.0,21884,18,1,Salaried,Personal,Good,1
28,111680.0,2.0,21643.0,26183,9,1,Salaried,Education,Good,1
59,114546.0,11.0,17193.0,82570,2,0,Salaried,Vehicle,Good,1
46,97973.0,27.0,28853.0,72246,24,0,Salaried,Vehicle,Good,1
54,81449.0,29.0,46864.0,20259,20,1,Salaried,Personal,Poor,0
23,127834.0,5.0,22307.0,36959,5,0,Business,Home,Excellent,1
32,43537.0,14.0,38982.0,34457,14,1,Contract,Personal,Good,0
21,95576.0,3.0,21611.0,86679,1,2,Salaried,Vehicle,Excellent,0
64,125522.0,27.0,45791.0,3103,19,0,Salaried,Home,Good,1
25,40612.0,7.0,13950.0,66901,7,1,Salaried,Education,Average,0
50,24471.0,25.0,12704.0,45535,1,1,Self-employed,Business,Poor,0
50,49348.0,29.0,45111.0,17103,1,1,Business,Home,Good,0
37,19177.0,0.0,13867.0,79278,19,0,,Vehicle,Poor,0
43,50779.0,20.0,4745.0,13391,16,0,Salaried,Personal,Excellent,1
35,39636.0,2.0,57243.0,29901,15,0,Business,Personal,Good,0
57,99889.0,19.0,5866.0,82159,15,0,Self-employed,Home,Excellent,1
41,71551.0,1.0,34245.0,68914,13,0,Salaried,Vehicle,Average,0
34,64819.0,8.0,46724.0,51357,6,1,Self-employed,Education,Good,0
22,91770.0,4.0,7818.0,87908,4,0,Salaried,Personal,Average,0
31,96714.0,13.0,53374.0,39437,10,0,Salaried,Personal,Average,1
59,42596.0,17.0,50861.0,36503,23,0,Business,Vehicle,Excellent,0
58,82106.0,25.0,53944.0,76403,0,1,Business,Business,Excellent,0
54,77182.0,10.0,32116.0,42258,10,0,Salaried,Personal,Average,0
58,105163.0,24.0,17493.0,34724,22,0,Contract,Personal,Good,1
54,57310.0,22.0,30038.0,65286,20,0,Salaried,Business,Excellent,1
38,74088.0,15.0,22447.0,75842,3,1,Business,Personal,Good,0
50,146803.0,21.0,32431.0,15908,6,0,Salaried,Education,Good,1
35,54914.0,16.0,19908.0,51626,17,0,Business,Home,Excellent,1
47,128350.0,4.0,31336.0,38228,14,2,Contract,Vehicle,Good,0
54,63379.0,11.0,42992.0,24386,17,1,Salaried,Education,Excellent,1
58,64413.0,10.0,57350.0,47754,11,2,Contract,Personal,Good,0
53,25151.0,29.0,6025.0,29302,16,0,Business,Personal,Average,1
44,75716.0,14.0,53718.0,61815,0,0,Business,Home,Poor,0
35,111747.0,17.0,53955.0,85748,10,1,Salaried,Personal,Good,1
50,139999.0,2.0,22093.0,64344,0,0,Business,Home,Excellent,1
62,132793.0,0.0,8155.0,36618,14,1,Business,Personal,Poor,0
37,126177.0,19.0,48607.0,77234,19,0,Salaried,Personal,Good,1
25,30289.0,7.0,35487.0,62114,7,0,Contract,Personal,Excellent,0
49,104365.0,15.0,49658.0,71130,6,0,Salaried,Vehicle,Poor,0
24,132014.0,1.0,57668.0,26525,1,0,Salaried,Vehicle,Average,1
30,90588.0,1.0,22963.0,80818,9,0,Self-employed,Vehicle,Average,0
37,81646.0,2.0,52124.0,15334,19,0,Self-employed,Home,Average,0
30,21654.0,7.0,54870.0,63767,3,2,Self-employed,Home,Excellent,0
37,36743.0,19.0,58547.0,7644,11,0,Salaried,Personal,Excellent,0
40,66368.0,22.0,55554.0,33933,18,0,Contract,Business,Average,0
44,137735.0,14.0,22936.0,44469,25,1,Salaried,Vehicle,Excellent,1
25,137891.0,6.0,53359.0,34687,7,0,Salaried,Vehicle,Good,1
54,125971.0,5.0,6426.0,53656,7,0,Salaried,Education,Average,0
26,30149.0,8.0,25303.0,18375,8,1,Self-employed,Personal,Average,0
22,118102.0,4.0,47280.0,66206,4,0,Contract,Personal,Good,0
33,77189.0,15.0,29606.0,37607,10,1,Self-employed,Home,Average,0
63,89031.0,0.0,49832.0,84178,12,1,Business,Home,Average,0
63,60668.0,7.0,30151.0,24993,2,2,Salaried,Business,Average,0
31,106204.0,13.0,15767.0,45386,11,0,Self-employed,Education,Excellent,1
43,55384.0,22.0,13308.0,47287,2,0,Salaried,Education,Good,0
36,99929.0,18.0,46245.0,87724,9,0,Salaried,Home,Good,1
51,145959.0,2.0,59987.0,77312,16,0,Salaried,Business,Excellent,1
31,94153.0,3.0,47671.0,76324,13,1,Self-employed,Personal,Good,0
36,93388.0,18.0,26770.0,72196,1,0,Self-employed,Personal,Excellent,1
28,49401.0,10.0,30572.0,71014,10,0,Business,Business,Good,0
24,137503.0,6.0,43448.0,9210,6,1,Salaried,Education,Poor,0
60,145834.0,5.0,4204.0,11922,1,0,Salaried,Personal,Excellent,1
24,52084.0,6.0,29233.0,37289,6,0,Self-employed,Home,Average,0
45,,27.0,23729.0,34340,19,0,Salaried,Home,Average,1
23,123111.0,5.0,33131.0,40850,5,1,Business,Vehicle,Excellent,0
52,54041.0,2.0,54428.0,57984,24,0,Self-employed,Vehicle,Poor,0
23,106920.0,5.0,35870.0,85178,5,1,Salaried,Education,Good,0
47,83681.0,20.0,40011.0,12094,9,0,Contract,Education,Good,1
49,99571.0,20.0,,88959,7,1,Self-employed,Personal,Average,0
52,145556.0,13.0,51067.0,34418,0,1,Salaried,Home,Good,1
39,44160.0,19.0,43475.0,6741,12,0,Self-employed,Education,Average,1
41,35633.0,13.0,48681.0,73374,23,0,Salaried,Home,Excellent,0
25,35014.0,,23607.0,69798,7,0,Business,Education,Average,0
38,98532.0,11.0,26968.0,71532,20,1,Business,Vehicle,Good,0
48,67104.0,16.0,35398.0,23164,9,0,Contract,Education,Good,0
62,95231.0,6.0,13908.0,36595,14,0,Self-employed,Home,Excellent,1
42,86388.0,8.0,28423.0,31257,4,0,Salaried,Personal,Average,1
41,34014.0,2.0,45615.0,15211,21,0,Business,Vehicle,Average,0
26,110578.0,8.0,11171.0,6232,8,0,Salaried,Education,Good,1
21,58390.0,3.0,14721.0,68753,3,0,Self-employed,Home,Good,0
25,41711.0,7.0,57835.0,53691,7,0,Self-employed,Education,Good,0
61,109658.0,17.0,51429.0,80768,24,1,Salaried,Vehicle,Average,1
32,75993.0,14.0,18616.0,26613,14,0,Salaried,Personal,Good,1
46,25421.0,0.0,44512.0,15026,17,0,Business,Vehicle,Average,0
54,35727.0,5.0,40458.0,54535,10,2,Business,Business,Average,0
34,130418.0,16.0,48169.0,31908,8,1,Salaried,Vehicle,Good,1
46,22358.0,26.0,9659.0,53113,15,2,Salaried,Personal,Excellent,0
65,83108.0,22.0,45369.0,20610,1,0,Salaried,Personal,Good,1
47,112018.0,26.0,13704.0,47646,25,0,Business,Home,Average,1
29,142457.0,11.0,34793.0,64185,11,0,Salaried,Business,Excellent,1
46,49910.0,1.0,50152.0,73567,1,1,Business,Personal,Good,0
42,144888.0,23.0,48473.0,48574,11,0,Salaried,Home,Average,1
50,73754.0,13.0,33226.0,37182,7,0,Self-employed,Personal,,0
63,127847.0,5.0,25852.0,1570,8,0,Salaried,Education,Good,1
37,56467.0,13.0,34082.0,20288,11,0,Business,Personal,Excellent,1
46,51893.0,3.0,24794.0,79824,25,0,Salaried,Personal,Excellent,1
56,94329.0,20.0,43420.0,30877,8,0,Self-employed,Personal,Average,1
21,49007.0,3.0,54916.0,85425,3,0,Salaried,Vehicle,Excellent,0
28,72253.0,10.0,57751.0,1917,10,0,Business,Education,Good,1
55,30323.0,2.0,15379.0,76602,1,2,Business,Personal,Average,0
35,129335.0,,56254.0,65575,15,1,Salaried,Personal,Good,0
42,130356.0,24.0,9006.0,73518,19,2,Business,Personal,Poor,0
34,,16.0,54635.0,40104,6,1,Self-employed,Vehicle,Poor,1
46,34456.0,13.0,53146.0,19062,1,0,Salaried,Personal,Good,0
48,49367.0,26.0,10682.0,17999,0,0,Salaried,Personal,Excellent,1
43,,19.0,35840.0,62845,18,0,Salaried,Home,Average,1
34,86008.0,16.0,34430.0,10941,3,0,Business,Business,Good,1
44,143926.0,24.0,25091.0,62169,23,0,Business,Personal,Excellent,1
22,133395.0,4.0,34983.0,24470,4,0,,Vehicle,Average,1
65,134492.0,23.0,25989.0,60821,1,0,Self-employed,Home,Excellent,1
46,90240.0,13.0,11915.0,87669,24,0,Business,Home,Average,1
34,,16.0,44552.0,45435,13,0,Contract,Personal,Excellent,1
27,28756.0,5.0,20990.0,5529,1,0,Self-employed,Vehicle,Excellent,0
23,54378.0,5.0,26734.0,84055,5,1,Contract,Personal,Excellent,0
43,143703.0,21.0,16824.0,13192,11,0,Self-employed,Business,Poor,1
63,74549.0,15.0,55933.0,75102,4,0,Salaried,Personal,Average,0
65,91794.0,24.0,38081.0,73762,19,0,Business,Personal,Average,1
38,63113.0,,13033.0,87795,6,0,Salaried,Home,Good,0
58,92069.0,13.0,44736.0,35087,23,0,Salaried,Vehicle,Good,1
55,143541.0,18.0,,67677,20,0,Salaried,Education,Excellent,1
35,27686.0,2.0,58915.0,5627,9,0,Business,Business,Good,0
45,71363.0,9.0,7939.0,57541,13,0,Business,Business,Good,1
57,115543.0,18.0,49464.0,69226,13,2,Salaried,Business,Good,1
48,149733.0,8.0,49562.0,4255,4,2,Salaried,Personal,Good,0
30,113673.0,12.0,37063.0,58433,12,0,Salaried,Personal,Poor,1
59,60828.0,19.0,56837.0,6213,23,0,Self-employed,Vehicle,Excellent,1
37,66604.0,12.0,36464.0,20404,13,1,Salaried,Home,Poor,0
59,28526.0,6.0,13185.0,26380,1,0,Business,Personal,Excellent,0
42,86910.0,13.0,29045.0,20173,24,0,Salaried,Home,Good,1
46,43592.0,28.0,53098.0,54027,11,0,Salaried,Personal,Good,0
64,46982.0,8.0,46769.0,24989,21,2,Salaried,Home,Good,0
45,18207.0,26.0,49118.0,25519,23,0,Salaried,Home,Good,0
37,106733.0,19.0,21167.0,23439,5,0,Contract,Education,Good,1
33,142982.0,15.0,38412.0,77949,3,1,Salaried,Personal,Good,0
40,86619.0,22.0,23625.0,15995,12,0,Salaried,Personal,Average,1
45,64479.0,27.0,41188.0,24559,3,0,Salaried,Home,Average,0
24,99437.0,6.0,29076.0,6021,6,2,Salaried,Personal,Average,0
30,116540.0,12.0,58709.0,22119,12,0,Salaried,Home,Excellent,1
23,90982.0,5.0,46605.0,52539,5,0,Salaried,Personal,Good,0
61,120747.0,13.0,21029.0,40350,3,0,Self-employed,Personal,Good,1
65,,23.0,24973.0,47223,23,0,Self-employed,Personal,Good,1
38,47301.0,5.0,41121.0,26517,20,0,Salaried,Vehicle,Good,1
56,36752.0,20.0,33433.0,79653,0,0,Salaried,Education,Good,0
42,116452.0,24.0,45309.0,23250,12,0,Contract,Vehicle,Excellent,1
54,139237.0,3.0,3932.0,85486,3,1,Salaried,Personal,Excellent,1
28,74273.0,7.0,46254.0,83895,10,0,Salaried,Personal,Excellent,0
60,109878.0,16.0,3757.0,67798,17,0,Salaried,Personal,Average,1
64,22895.0,29.0,32722.0,55199,5,0,Salaried,Home,Average,0
39,137968.0,8.0,39853.0,60546,2,1,Business,Personal,Poor,0
62,133700.0,0.0,40405.0,89151,22,0,Salaried,Personal,Average,1
61,94559.0,23.0,3116.0,4327,12,0,,Education,Excellent,1
57,28699.0,19.0,45527.0,30768,15,0,Salaried,Home,Average,0
26,27715.0,8.0,13691.0,65418,4,0,Salaried,Home,Average,0
46,37169.0,13.0,2492.0,43788,3,0,Business,Business,Good,0
54,136413.0,10.0,29882.0,83384,20,1,Salaried,Vehicle,Good,1
65,137264.0,20.0,10811.0,47830,7,0,Self-employed,Home,Poor,1
26,23782.0,2.0,29808.0,53446,8,0,Salaried,Education,Good,0
57,142481.0,8.0,26272.0,16160,13,0,Business,Personal,Poor,1
53,53585.0,26.0,30399.0,57583,6,1,Salaried,Vehicle,Excellent,0
42,48682.0,13.0,8474.0,34998,13,0,Business,Home,Excellent,1
41,147992.0,23.0,28956.0,28230,5,0,Salaried,Education,Good,1
26,102416.0,8.0,49153.0,10076,8,0,Business,Business,Good,1
26,145810.0,3.0,44506.0,70341,8,0,Salaried,Home,Average,1
24,56067.0,6.0,56110.0,32085,6,0,Business,Home,Poor,0
50,36073.0,3.0,15979.0,56571,12,0,Salaried,Business,Good,0
31,54035.0,13.0,46523.0,15715,13,0,Contract,Personal,Excellent,1
50,108373.0,7.0,44565.0,6750,13,0,Salaried,Education,Average,1
51,101362.0,1.0,30328.0,79768,6,0,Salaried,Home,Good,1
44,108517.0,8.0,49375.0,36903,13,0,Salaried,Home,Excellent,1
29,83450.0,11.0,14867.0,73489,11,0,Salaried,Education,Good,1
23,28382.0,5.0,27851.0,33093,5,1,Salaried,Business,Average,0
51,79929.0,21.0,33279.0,88954,16,2,Contract,Personal,Average,0
60,116864.0,8.0,53895.0,35314,8,2,Contract,Vehicle,Good,0
57,43169.0,23.0,32527.0,49225,21,1,Salaried,Business,Good,1
56,105468.0,30.0,9866.0,88985,14,0,Contract,Personal,Poor,0
44,52594.0,26.0,17449.0,84014,11,1,Self-employed,Home,Average,0
51,63033.0,22.0,12685.0,36179,1,0,Salaried,Personal,Good,1
26,81133.0,8.0,25544.0,26338,4,0,Business,Business,Good,0
22,91861.0,4.0,7451.0,70681,4,0,Self-employed,Vehicle,Average,0
40,49750.0,22.0,23642.0,33101,19,0,Contract,Home,Excellent,1
48,58461.0,,43316.0,3775,22,1,Salaried,Vehicle,Excellent,1
31,96222.0,13.0,41954.0,46619,7,0,Self-employed,Personal,Good,0
24,130020.0,6.0,40870.0,46838,6,0,Salaried,Business,Good,1
35,42226.0,11.0,33030.0,20539,14,2,Salaried,Home,Good,0
26,24721.0,2.0,32873.0,58124,8,0,Salaried,Personal,Excellent,0
50,38609.0,10.0,2619.0,66149,0,0,Contract,Vehicle,Average,0
58,,13.0,35650.0,27616,20,2,Business,Personal,Good,0
22,122211.0,4.0,27372.0,80655,2,0,Business,Personal,Excellent,1
35,142865.0,17.0,5642.0,55567,16,0,Self-employed,Home,Excellent,1
31,92520.0,13.0,30001.0,38099,13,0,Salaried,Education,Poor,0
28,82309.0,10.0,36064.0,76831,10,0,Salaried,Education,Average,0
46,47984.0,4.0,31290.0,62799,21,1,Salaried,Business,Excellent,0
65,136947.0,15.0,16122.0,26479,22,0,Salaried,Education,Average,1
64,23901.0,19.0,26820.0,47172,7,0,Business,Personal,Good,0
25,49055.0,4.0,4895.0,56863,7,0,Self-employed,Personal,Poor,0
26,132099.0,2.0,57745.0,43043,8,0,Salaried,Home,Good,1
46,29138.0,11.0,52081.0,83569,2,2,Salaried,Personal,Average,0
24,41429.0,0.0,7366.0,16408,4,0,Salaried,Vehicle,Excellent,1
39,68200.0,20.0,10711.0,58980,8,0,Salaried,Vehicle,Good,1
40,119268.0,22.0,21596.0,83956,5,0,Contract,Personal,Poor,0
53,35347.0,8.0,20793.0,17351,24,0,Self-employed,Personal,Good,1
40,49822.0,22.0,10199.0,5131,21,2,Business,Home,Good,1
32,58108.0,8.0,12717.0,45825,1,0,Salaried,Business,Excellent,1
21,146955.0,3.0,38191.0,12349,3,0,Salaried,Home,Average,1
46,25967.0,2.0,12211.0,61931,4,0,Salaried,Vehicle,Good,0
34,128719.0,16.0,47550.0,45254,16,1,Business,Education,Good,1
58,29871.0,1.0,25360.0,39225,7,0,Business,Business,Poor,0
57,46179.0,23.0,58746.0,13453,22,1,Salaried,Vehicle,Excellent,1
31,73099.0,0.0,23542.0,19814,0,0,Self-employed,Vehicle,Good,0
56,53262.0,7.0,33312.0,19263,19,1,Salaried,Home,Poor,0
33,96213.0,12.0,,78694,11,0,Self-employed,Personal,Good,1
63,135407.0,22.0,38435.0,16735,22,0,Contract,Personal,Good,1
23,104269.0,5.0,30247.0,16830,5,0,Self-employed,Vehicle,Good,1
53,78545.0,7.0,24357.0,48893,6,0,Self-employed,Home,Average,0
26,57922.0,8.0,57388.0,45673,8,2,Salaried,Business,Excellent,0
30,60913.0,12.0,43045.0,46066,12,1,Salaried,Business,Poor,0
25,115033.0,7.0,29691.0,4373,7,0,Salaried,Education,Average,1
43,122792.0,13.0,14424.0,11335,10,0,Salaried,Vehicle,Excellent,1
30,137863.0,12.0,20852.0,24741,12,0,Business,Personal,Average,1
64,62936.0,14.0,24601.0,11692,25,1,Business,Personal,Good,1
22,46141.0,4.0,54771.0,48295,4,0,Salaried,Education,Good,0
33,115359.0,15.0,20020.0,46541,2,0,Business,Personal,Average,0
60,141279.0,25.0,10155.0,35057,19,0,Salaried,Vehicle,Poor,1
22,59568.0,4.0,5583.0,67983,4,0,,Personal,Excellent,1
40,115539.0,22.0,17515.0,20583,2,0,Salaried,Personal,Good,1
21,64851.0,3.0,38777.0,23765,0,0,Salaried,Vehicle,Good,0
57,72823.0,7.0,21710.0,60287,25,0,Salaried,Vehicle,,1
29,41312.0,11.0,45178.0,24906,11,3,Salaried,Home,Good,0
37,116723.0,18.0,26532.0,86103,14,0,Salaried,Vehicle,Excellent,1
29,30411.0,5.0,20601.0,80675,0,0,Contract,Personal,Average,0
31,75009.0,13.0,6967.0,47525,13,0,Salaried,Education,Good,1
35,50371.0,17.0,20753.0,39230,1,1,Salaried,Education,Excellent,0
44,75022.0,26.0,22022.0,20520,19,0,Salaried,Personal,Average,1
58,89229.0,18.0,45463.0,86238,5,0,Self-employed,Business,Average,0
55,117071.0,3.0,11135.0,52934,7,0,Salaried,Education,Good,0
50,114774.0,22.0,7722.0,26566,15,0,Business,Vehicle,Good,1
51,44715.0,6.0,,74193,18,0,Self-employed,Home,Good,0
25,45605.0,7.0,29236.0,31134,0,1,Self-employed,Personal,Good,0
64,117853.0,27.0,17514.0,11345,2,1,Self-employed,Business,Excellent,1
34,49174.0,3.0,45896.0,42185,2,0,Salaried,Vehicle,Average,0
31,94373.0,13.0,39212.0,71744,4,0,Salaried,Home,Excellent,1
29,87252.0,11.0,42386.0,34455,11,2,Salaried,Personal,Excellent,0
54,88017.0,12.0,22331.0,29018,11,0,Self-employed,Education,Excellent,1
32,81037.0,2.0,20060.0,55219,14,1,Salaried,Personal,Excellent,0
55,107818.0,21.0,3196.0,46991,12,0,Salaried,Vehicle,Excellent,1
55,24548.0,11.0,14297.0,74616,19,2,Contract,Vehicle,Poor,0
21,134981.0,1.0,4787.0,88438,3,1,Salaried,Education,Good,0
60,42022.0,23.0,25816.0,10486,6,2,Business,Business,Excellent,0
42,124297.0,1.0,42695.0,39862,3,0,Business,Personal,Excellent,1
49,78428.0,,21702.0,59870,18,0,Salaried,Education,Poor,0
28,77353.0,10.0,27242.0,87694,10,2,Salaried,Personal,Good,0
31,131132.0,8.0,57841.0,44856,13,0,Salaried,Personal,Good,1
61,34052.0,0.0,4176.0,87055,5,0,Self-employed,Personal,Average,0
57,118689.0,7.0,22127.0,32379,12,1,Self-employed,Personal,Good,0
34,149743.0,16.0,43560.0,65729,10,1,Business,Personal,Good,1
50,18163.0,5.0,29228.0,29378,12,2,Contract,Home,Excellent,0
55,59424.0,5.0,55574.0,55353,12,0,Self-employed,Vehicle,Good,0
41,40420.0,21.0,22208.0,50996,23,1,Salaried,Personal,Good,0
57,138575.0,24.0,30482.0,15031,21,1,Salaried,Home,Average,1
25,47300.0,7.0,11171.0,81072,7,0,Business,Vehicle,Good,0
39,107881.0,16.0,37219.0,66982,14,0,Salaried,Business,Good,1
29,103708.0,8.0,37548.0,30345,11,0,,Vehicle,Good,1
54,118494.0,23.0,14828.0,67629,6,2,Self-employed,Education,Good,0
28,111680.0,2.0,21643.0,26183,9,1,Salaried,Education,Good,1
36,27847.0,2.0,24161.0,42003,14,1,Self-employed,Personal,Excellent,0
62,146322.0,4.0,23826.0,86947,12,0,Salaried,Vehicle,Good,1
29,138030.0,5.0,22808.0,85811,11,0,Self-employed,Home,Good,1
21,51142.0,3.0,46760.0,80930,3,0,Salaried,Vehicle,Average,0
31,122101.0,13.0,37323.0,79581,13,0,Salaried,Vehicle,Excellent,1
